<?xml version="1.0" encoding="UTF-8"?>
<project-private xmlns="http://www.netbeans.org/ns/project-private/1">
    <editor-bookmarks xmlns="http://www.netbeans.org/ns/editor-bookmarks/2" lastBookmarkId="0"/>
    <open-files xmlns="http://www.netbeans.org/ns/projectui-open-files/2">
        <group>
            <file>file:/G:/FPT/SE%20kì%205/SWP391/SWP391-OnlineShop/SWP391_Online_Shop/src/java/DAO/ProductDAO.java</file>
            <file>file:/G:/FPT/SE%20kì%205/SWP391/SWP391-OnlineShop/SWP391_Online_Shop/src/java/Controller/HomeControl.java</file>
            <file>file:/G:/FPT/SE%20kì%205/SWP391/SWP391-OnlineShop/SWP391_Online_Shop/src/java/Controller/DetailControl.java</file>
            <file>file:/G:/FPT/SE%20kì%205/SWP391/SWP391-OnlineShop/SWP391_Online_Shop/src/java/Controller/UpdateCartQuantity.java</file>
            <file>file:/G:/FPT/SE%20kì%205/SWP391/SWP391-OnlineShop/SWP391_Online_Shop/src/java/DAO/OrderDAO.java</file>
            <file>file:/G:/FPT/SE%20kì%205/SWP391/SWP391-OnlineShop/SWP391_Online_Shop/src/java/Controller/LogoutControl.java</file>
            <file>file:/G:/FPT/SE%20kì%205/SWP391/SWP391-OnlineShop/SWP391_Online_Shop/src/java/Controller/managerAccount.java</file>
            <file>file:/G:/FPT/SE%20kì%205/SWP391/SWP391-OnlineShop/SWP391_Online_Shop/src/java/Controller/CartControl.java</file>
        </group>
    </open-files>
</project-private>
